Name,Pose,Gold.Goldscore.Fitness,Gold.PLP.Fitness,Hbond
3nx8_1,1,42.6725,23.7484,0
3nx8_1,2,43.2695,22.2377,0
3nx8_1,3,29.5911,12.2043,1
3nx8_1,4,36.0195,10.0665,0
3nx8_1,5,39.6541,26.8856,0
3nx8_1,6,41.4589,24.1496,1
3nx8_1,7,35.3402,28.9428,1
3nx8_1,8,37.4491,10.4399,0
3nx8_1,9,30.9237,-11.42,1
3nx8_1,10,35.3759,28.9653,1
3nx8_3,1,28.8418,23.4943,1
3nx8_3,2,26.4684,25.1518,1
3nx8_3,3,31.0773,27.4719,1
3nx8_3,4,24.4698,25.0656,0
3nx8_3,5,28.3198,22.7045,1
3nx8_3,6,24.527,22.4631,1
3nx8_3,7,26.7733,28.4682,1
3nx8_3,8,27.5173,27.7142,2
3nx8_3,9,29.3119,23.1098,1
3nx8_3,10,26.5008,24.8033,0
3l9n_0,1,37.5782,34.9035,1
3l9n_0,2,37.1623,36.3523,1
3l9n_0,3,36.1422,36.525,0
3l9n_0,4,37.7007,29.516,1
3l9n_0,5,35.9469,37.5298,1
3l9n_0,6,35.1121,28.5466,1
3l9n_0,7,35.4497,36.8521,1
3l9n_0,8,35.0675,34.0467,1
3l9n_0,9,33.909,30.7191,0
3l9n_0,10,36.7959,25.4168,1
3ovv_1,1,44.9796,48.4548,0
3ovv_1,2,46.7868,41.1939,1
3ovv_1,3,38.0422,35.162,0
3ovv_1,4,44.6497,39.9104,1
3ovv_1,5,32.2902,36.6501,0
3ovv_1,6,42.51,37.1081,0
3ovv_1,7,42.4077,42.528,2
3ovv_1,8,41.6004,45.5826,1
3ovv_1,9,40.6356,31.7515,1
3ovv_1,10,40.9439,39.5037,0
3oxt_0,1,44.1829,43.822,3
3oxt_0,2,33.506,29.1832,0
3oxt_0,3,33.548,26.5262,0
3oxt_0,4,42.645,44.3786,3
3oxt_0,5,35.3189,28.2967,0
3oxt_0,6,35.0856,24.1603,1
3oxt_0,7,36.1986,25.274,0
3oxt_0,8,36.0089,35.1413,1
3oxt_0,9,32.1495,31.5966,0
3oxt_0,10,36.4919,29.8297,0
3oog_1,1,35.7116,26.6162,0
3oog_1,2,33.121,31.7487,1
3oog_1,3,28.6592,27.2397,2
3oog_1,4,31.095,31.9277,1
3oog_1,5,31.7029,19.0062,1
3oog_1,6,32.2468,21.9766,1
3oog_1,7,33.5175,25.2124,1
3oog_1,8,24.8646,22.7461,2
3oog_1,9,31.9237,25.5608,1
3oog_1,10,29.9442,31.0584,1
3owp_1,1,39.15,37.9556,3
3owp_1,2,37.1899,37.8368,3
3owp_1,3,42.1334,45.5263,1
3owp_1,4,41.3785,44.8566,3
3owp_1,5,29.9065,29.082,3
3owp_1,6,33.6382,24.6191,0
3owp_1,7,31.1393,31.6386,0
3owp_1,8,32.0672,37.5278,0
3owp_1,9,33.0362,28.3845,0
3owp_1,10,31.8781,31.5795,0
3ovv_2,1,48.1098,41.264,1
3ovv_2,2,42.9592,41.1052,0
3ovv_2,3,43.6522,42.4684,0
3ovv_2,4,41.6365,36.0777,0
3ovv_2,5,38.4314,34.3436,0
3ovv_2,6,38.8763,33.6927,0
3ovv_2,7,41.4618,43.1557,1
3ovv_2,8,38.7666,33.3726,0
3ovv_2,9,42.9327,46.3178,0
3ovv_2,10,44.0915,49.2589,0
3nx8_2,1,34.1604,42.8989,0
3nx8_2,2,35.4298,37.3838,1
3nx8_2,3,34.3326,38.124,1
3nx8_2,4,37.4997,37.6498,0
3nx8_2,5,33.0764,36.8737,0
3nx8_2,6,33.8147,37.3163,0
3nx8_2,7,27.5856,31.098,1
3nx8_2,8,32.455,38.9563,0
3nx8_2,9,31.0091,39.7398,0
3nx8_2,10,29.1657,36.8305,0
3l9n_1,1,35.0666,27.8185,1
3l9n_1,2,35.2415,35.0282,0
3l9n_1,3,34.5571,27.4896,0
3l9n_1,4,31.2273,21.0832,0
3l9n_1,5,32.5606,34.4547,0
3l9n_1,6,35.8818,36.1558,0
3l9n_1,7,29.0722,20.5625,0
3l9n_1,8,32.2314,35.0422,0
3l9n_1,9,36.002,35.0887,0
3l9n_1,10,37.0667,34.7418,1
3oog_0,1,35.1021,38.1685,1
3oog_0,2,37.4264,42.9942,1
3oog_0,3,34.4922,34.8521,1
3oog_0,4,33.7674,33.795,1
3oog_0,5,37.8773,35.3482,1
3oog_0,6,33.7578,30.5396,1
3oog_0,7,34.6112,37.6619,1
3oog_0,8,32.0367,32.4085,0
3oog_0,9,32.738,28.0726,0
3oog_0,10,31.5388,29.0795,0
3ovv_0,1,50.7777,54.8556,1
3ovv_0,2,49.9044,52.2775,0
3ovv_0,3,44.3112,38.3874,0
3ovv_0,4,46.8933,38.8061,1
3ovv_0,5,43.4449,50.4191,0
3ovv_0,6,44.4371,47.9559,0
3ovv_0,7,43.5396,36.504,1
3ovv_0,8,46.5083,40.8648,0
3ovv_0,9,41.9503,43.0865,0
3ovv_0,10,41.3936,43.5553,0
3oxt_1,1,44.6112,48.4163,4
3oxt_1,2,45.437,46.7736,4
3oxt_1,3,31.4652,27.7961,1
3oxt_1,4,34.3401,29.0911,3
3oxt_1,5,35.5084,35.1656,1
3oxt_1,6,28.7895,27.4017,0
3oxt_1,7,32.8286,29.468,2
3oxt_1,8,30.1176,26.819,0
3oxt_1,9,31.9401,27.1797,0
3oxt_1,10,33.824,31.942,0
3mvj_2,1,27.5987,19.3206,0
3mvj_2,2,30.0388,30.6357,0
3mvj_2,3,23.8555,18.5695,0
3mvj_2,4,36.0268,33.1061,1
3mvj_2,5,35.7035,31.3231,2
3mvj_2,6,35.6317,22.28,2
3mvj_2,7,25.3586,26.4129,0
3mvj_2,8,29.8522,28.0125,0
3mvj_2,9,29.5648,26.2215,0
3mvj_2,10,22.8788,24.947,0
3mvj_0,1,39.0571,34.4697,0
3mvj_0,2,36.9407,28.1281,1
3mvj_0,3,42.4154,38.5405,2
3mvj_0,4,36.2972,23.8203,1
3mvj_0,5,35.0697,31.4736,1
3mvj_0,6,33.8411,33.3656,1
3mvj_0,7,42.6085,31.2483,1
3mvj_0,8,39.2443,33.0914,0
3mvj_0,9,36.8486,36.9208,0
3mvj_0,10,37.6149,27.0672,1
3mvj_4,1,36.8609,31.7409,2
3mvj_4,2,24.7841,22.3975,0
3mvj_4,3,29.0872,23.2476,2
3mvj_4,4,29.9557,29.7329,1
3mvj_4,5,27.6339,19.9211,1
3mvj_4,6,32.3803,27.9961,1
3mvj_4,7,32.5613,35.6572,2
3mvj_4,8,26.7176,20.4315,0
3mvj_4,9,31.7837,28.3475,0
3mvj_4,10,33.6129,27.1981,0
3nx8_0,1,42.9921,27.2614,0
3nx8_0,2,43.7157,25.5505,0
3nx8_0,3,41.4086,23.7791,1
3nx8_0,4,35.8142,28.11,1
3nx8_0,5,32.9297,15.9815,0
3nx8_0,6,40.1107,26.27,0
3nx8_0,7,37.9495,17.356,0
3nx8_0,8,25.5423,29.3619,1
3nx8_0,9,35.7503,11.0476,0
3nx8_0,10,35.9157,28.8716,1
3mvj_3,1,40.4844,31.7617,1
3mvj_3,2,34.973,32.1571,4
3mvj_3,3,40.4825,31.5171,1
3mvj_3,4,34.2976,37.1544,1
3mvj_3,5,34.0534,28.7783,3
3mvj_3,6,37.1735,17.0002,1
3mvj_3,7,36.8703,21.0735,1
3mvj_3,8,36.6485,-0.985,0
3mvj_3,9,37.2875,28.9982,1
3mvj_3,10,34.3776,28.6702,2
3mvj_1,1,36.8368,33.6965,1
3mvj_1,2,33.042,27.7489,1
3mvj_1,3,36.6362,34.8292,1
3mvj_1,4,37.059,34.9274,1
3mvj_1,5,31.5845,34.5523,1
3mvj_1,6,35.2974,31.2422,1
3mvj_1,7,32.0777,29.55,0
3mvj_1,8,31.9003,32.4967,1
3mvj_1,9,31.1141,26.3036,1
3mvj_1,10,34.3947,37.0697,1
4uh5_0,1,37.0323,34.8162,1
4uh5_0,2,36.6569,27.9865,0
4uh5_0,3,39.2028,30.2775,0
4uh5_0,4,37.5592,38.1487,0
4uh5_0,5,35.4841,29.6715,1
4uh5_0,6,33.9653,33.4141,1
4uh5_0,7,35.1742,29.3793,1
4uh5_0,8,30.9929,27.0499,0
4uh5_0,9,33.5912,21.7274,1
4uh5_0,10,31.523,15.3343,1
4uh6_0,1,37.5727,22.6103,1
4uh6_0,2,38.1373,22.1924,1
4uh6_0,3,31.688,5.5885,1
4uh6_0,4,40.8992,24.4165,1
4uh6_0,5,40.2757,27.1425,0
4uh6_0,6,33.6698,21.767,1
4uh6_0,7,51.5821,39.5985,0
4uh6_0,8,34.3407,14.0861,1
4uh6_0,9,31.7714,27.0086,1
4uh6_0,10,52.1205,35.3281,0
4uch_0,1,30.605,26.8097,1
4uch_0,2,40.5262,28.5421,0
4uch_0,3,41.315,29.0993,1
4uch_0,4,29.7234,28.6882,1
4uch_0,5,39.505,25.3533,2
4uch_0,6,36.9271,25.186,0
4uch_0,7,45.0134,30.3731,0
4uch_0,8,37.2621,19.5131,0
4uch_0,9,33.2834,14.0014,0
4uch_0,10,28.6262,17.8405,1
5adf_1,1,47.8093,50.3444,0
5adf_1,2,31.2365,17.1253,3
5adf_1,3,35.6782,10.6875,1
5adf_1,4,33.0627,34.3935,1
5adf_1,5,36.3947,18.8927,2
5adf_1,6,37.9722,36.2624,2
5adf_1,7,36.7669,34.7418,0
5adf_1,8,30.957,52.3395,0
5adf_1,9,34.4702,17.8888,0
5adf_1,10,36.2403,8.1941,0
5adg_1,1,24.7352,-13.6421,1
5adg_1,2,0.0,-16.9641,0
5adg_1,3,30.5091,32.796,0
5adg_1,4,29.2133,-8.7359,0
5adg_1,5,28.9486,33.3706,0
5adg_1,6,33.4225,28.3085,0
5adg_1,7,0.0,3.9327,1
5adg_1,8,25.015,-5.181,0
5adg_1,9,29.2243,29.3316,0
5adg_1,10,28.2528,27.6263,0
5adg_3,1,17.3534,15.8949,1
5adg_3,2,24.2792,21.3933,1
5adg_3,3,24.568,18.7544,0
5adg_3,4,21.4891,23.1819,1
5adg_3,5,20.3017,22.212,0
5adg_3,6,23.2738,20.9226,2
5adg_3,7,22.8471,12.3835,1
5adg_3,8,21.8292,13.2181,1
5adg_3,9,21.3202,17.5564,0
5adg_3,10,23.9867,21.3618,1
7rmh_0,1,32.9817,37.8237,0
7rmh_0,2,33.7671,35.8637,0
7rmh_0,3,27.2592,34.3928,0
7rmh_0,4,36.0138,38.0162,0
7rmh_0,5,31.1675,32.5709,0
7rmh_0,6,32.1506,38.764,0
7rmh_0,7,32.4314,38.5938,0
7rmh_0,8,36.4057,37.9033,0
7rmh_0,9,33.2211,21.2387,0
7rmh_0,10,28.7792,37.9212,0
7rmh_cavity_0,1,33.2418,29.8106,0
7rmh_cavity_0,2,31.8837,29.3021,1
7rmh_cavity_0,3,33.9044,34.5389,1
7rmh_cavity_0,4,35.7908,31.0341,0
7rmh_cavity_0,5,33.5844,35.5546,1
7rmh_cavity_0,6,32.5406,31.1085,1
7rmh_cavity_0,7,33.199,27.9621,0
7rmh_cavity_0,8,29.4874,19.0057,1
7rmh_cavity_0,9,30.4534,18.3821,0
7rmh_cavity_0,10,33.588,29.3336,0
7rmh_cavity_1,1,29.6498,30.8743,0
7rmh_cavity_1,2,31.2841,28.0702,0
7rmh_cavity_1,3,30.8482,28.6184,1
7rmh_cavity_1,4,31.4048,28.9101,1
7rmh_cavity_1,5,34.4077,26.3236,0
7rmh_cavity_1,6,33.8143,7.7969,1
7rmh_cavity_1,7,33.4315,-10.9727,1
7rmh_cavity_1,8,32.6998,5.8581,0
7rmh_cavity_1,9,33.2899,20.4519,1
7rmh_cavity_1,10,32.1594,9.7315,0
7rmh_cavity_5,1,27.8835,19.9362,1
7rmh_cavity_5,2,22.4788,22.8284,1
7rmh_cavity_5,3,27.4809,21.3979,0
7rmh_cavity_5,4,17.4509,21.7292,0
7rmh_cavity_5,5,17.7128,25.1665,1
7rmh_cavity_5,6,16.3575,17.9505,0
7rmh_cavity_5,7,18.8945,16.5816,0
7rmh_cavity_5,8,19.3247,24.6187,1
7rmh_cavity_5,9,15.0927,15.2353,0
7rmh_cavity_5,10,16.2799,13.003,0
7rmi_0,1,32.6276,36.6605,1
7rmi_0,2,33.6879,41.2347,1
7rmi_0,3,31.632,37.1459,0
7rmi_0,4,33.8061,37.0273,0
7rmi_0,5,35.6343,38.0787,0
7rmi_0,6,31.9298,29.1294,0
7rmi_0,7,32.384,36.2069,1
7rmi_0,8,31.5777,31.045,0
7rmi_0,9,31.2628,27.6433,0
7rmi_0,10,33.1509,34.9724,1
4uh5_1,1,37.802,28.3418,0
4uh5_1,2,38.96,35.3451,1
4uh5_1,3,32.3802,20.8019,1
4uh5_1,4,34.5167,26.8089,1
4uh5_1,5,33.3,18.7494,0
4uh5_1,6,35.3705,32.4604,1
4uh5_1,7,33.1256,24.4113,0
4uh5_1,8,34.3346,34.6915,1
4uh5_1,9,33.8029,28.4727,1
4uh5_1,10,32.0076,28.6108,0
7rmi_cavity_0,1,35.9751,28.4217,1
7rmi_cavity_0,2,38.8503,27.9846,1
7rmi_cavity_0,3,34.3255,33.8912,3
7rmi_cavity_0,4,36.9674,28.5967,0
7rmi_cavity_0,5,33.976,39.4396,2
7rmi_cavity_0,6,30.7814,28.9818,1
7rmi_cavity_0,7,32.4708,31.6703,2
7rmi_cavity_0,8,35.8476,28.315,0
7rmi_cavity_0,9,30.3183,21.5733,2
7rmi_cavity_0,10,32.4582,24.7739,0
4uh6_1,1,42.0547,19.84,0
4uh6_1,2,38.7261,25.6051,2
4uh6_1,3,37.2402,26.1546,2
4uh6_1,4,40.055,19.0127,1
4uh6_1,5,37.3103,23.5728,1
4uh6_1,6,32.8806,17.9409,0
4uh6_1,7,33.2401,15.0941,1
4uh6_1,8,33.6719,15.1512,1
4uh6_1,9,32.7141,18.7785,1
4uh6_1,10,41.6713,28.695,1
7rmi_cavity_5,1,0.0,-111.1941,0
7rmi_cavity_5,2,0.0,19.8966,0
7rmi_cavity_5,3,0.0,-21.9283,0
7rmi_cavity_5,4,0.0,10.141,0
7rmi_cavity_5,5,10.4274,-40.486,1
7rmi_cavity_5,6,0.967,-35.7165,0
7rmi_cavity_5,7,3.7323,30.123,0
7rmi_cavity_5,8,0.0,17.3448,0
7rmi_cavity_5,9,8.4449,28.4618,0
7rmi_cavity_5,10,8.7429,9.2601,0
4uch_1,1,41.5497,23.0553,0
4uch_1,2,44.2864,26.3622,1
4uch_1,3,30.2365,18.74,0
4uch_1,4,31.7954,22.8495,1
4uch_1,5,28.6091,28.1655,1
4uch_1,6,35.7542,-4.5575,0
4uch_1,7,35.6853,24.5634,1
4uch_1,8,24.5037,21.8847,0
4uch_1,9,39.5638,19.8979,0
4uch_1,10,33.3088,12.8672,1
7rmi_cavity_7,1,35.7605,34.3493,1
7rmi_cavity_7,2,36.344,24.9315,0
7rmi_cavity_7,3,34.9038,25.7541,1
7rmi_cavity_7,4,36.1637,32.2781,1
7rmi_cavity_7,5,36.8069,18.832,0
7rmi_cavity_7,6,34.6565,19.076,1
7rmi_cavity_7,7,32.2362,29.9119,0
7rmi_cavity_7,8,31.9061,27.5387,0
7rmi_cavity_7,9,33.8865,15.6436,1
7rmi_cavity_7,10,35.0653,17.7533,1
7rmi_cavity_6,1,26.9237,28.1318,0
7rmi_cavity_6,2,33.6649,30.017,0
7rmi_cavity_6,3,24.738,26.7055,0
7rmi_cavity_6,4,27.1381,32.4872,0
7rmi_cavity_6,5,29.9567,29.3777,0
7rmi_cavity_6,6,30.5125,21.5551,0
7rmi_cavity_6,7,25.3804,26.1581,0
7rmi_cavity_6,8,28.3276,32.451,0
7rmi_cavity_6,9,26.7429,37.9837,0
7rmi_cavity_6,10,33.6659,27.3444,0
5adg_0,1,35.0665,33.0276,1
5adg_0,2,58.4981,53.1612,0
5adg_0,3,58.428,50.4881,0
5adg_0,4,34.6598,33.5131,1
5adg_0,5,32.3723,19.2763,1
5adg_0,6,28.0694,19.9454,1
5adg_0,7,45.6567,48.5115,0
5adg_0,8,26.1857,18.4539,1
5adg_0,9,32.9036,20.2943,1
5adg_0,10,30.9642,5.7594,1
5adg_2,1,61.0817,50.5248,0
5adg_2,2,59.4833,53.7094,0
5adg_2,3,41.0224,34.954,2
5adg_2,4,28.9538,19.1258,1
5adg_2,5,42.1116,35.5648,0
5adg_2,6,41.0012,36.8744,2
5adg_2,7,37.5139,19.2759,2
5adg_2,8,36.4056,24.5317,0
5adg_2,9,41.461,31.7974,2
5adg_2,10,32.0793,23.9439,1
4d1n_4,1,34.5035,31.6673,2
4d1n_4,2,32.3221,33.465,0
4d1n_4,3,38.6232,14.1083,0
4d1n_4,4,36.8575,28.5754,1
4d1n_4,5,45.3245,7.5438,0
4d1n_4,6,33.9986,16.1739,1
4d1n_4,7,32.0755,19.0059,2
4d1n_4,8,43.0553,13.8358,0
4d1n_4,9,29.1248,6.0967,1
4d1n_4,10,31.707,17.5246,2
4d1n_0,1,34.2237,19.7376,1
4d1n_0,2,33.0498,19.5394,1
4d1n_0,3,32.7097,15.2451,1
4d1n_0,4,25.154,22.5941,0
4d1n_0,5,29.1008,22.9771,1
4d1n_0,6,34.6647,28.1266,0
4d1n_0,7,34.1663,12.8435,1
4d1n_0,8,36.0829,19.4828,1
4d1n_0,9,33.3657,17.6651,1
4d1n_0,10,34.7235,30.773,0
4d1n_8,1,40.3501,34.6959,0
4d1n_8,2,37.8792,21.603,2
4d1n_8,3,34.4236,23.0688,1
4d1n_8,4,28.0577,19.6849,0
4d1n_8,5,32.2146,17.2605,1
4d1n_8,6,33.4085,17.9172,1
4d1n_8,7,41.1453,21.5808,0
4d1n_8,8,30.0576,26.5094,1
4d1n_8,9,44.3822,29.1254,1
4d1n_8,10,33.6137,31.4182,2
4v3u_2,1,36.9203,22.9958,2
4v3u_2,2,30.0177,20.3433,1
4v3u_2,3,32.9312,20.2841,1
4v3u_2,4,30.0209,26.7923,1
4v3u_2,5,31.9599,10.0137,0
4v3u_2,6,29.5438,19.0418,1
4v3u_2,7,31.6941,28.2287,1
4v3u_2,8,31.922,3.1705,1
4v3u_2,9,34.6583,23.5096,1
4v3u_2,10,31.549,4.4392,1
4v3u_8,1,34.1019,30.9755,1
4v3u_8,2,21.6189,19.2628,0
4v3u_8,3,33.9599,31.8731,1
4v3u_8,4,27.7514,22.3338,1
4v3u_8,5,21.3668,14.3805,1
4v3u_8,6,20.241,22.1427,2
4v3u_8,7,28.132,26.305,0
4v3u_8,8,26.9284,26.2505,0
4v3u_8,9,19.9781,21.8705,2
4v3u_8,10,23.3187,9.1606,0
4d1n_6,1,41.9103,36.0083,1
4d1n_6,2,39.5387,35.029,1
4d1n_6,3,34.122,26.8074,1
4d1n_6,4,32.6083,37.2047,0
4d1n_6,5,34.7177,38.5306,1
4d1n_6,6,31.293,33.3154,1
4d1n_6,7,33.8209,27.1963,0
4d1n_6,8,35.2741,18.9671,1
4d1n_6,9,29.4204,29.8311,0
4d1n_6,10,30.8311,26.5211,1
4d1n_2,1,33.7644,22.8993,1
4d1n_2,2,37.0642,21.7004,1
4d1n_2,3,32.778,31.995,2
4d1n_2,4,31.6279,20.7973,0
4d1n_2,5,42.943,17.2435,0
4d1n_2,6,25.6071,15.8493,1
4d1n_2,7,33.0649,32.3667,2
4d1n_2,8,37.9981,-47.0048,0
4d1n_2,9,30.6028,26.9597,0
4d1n_2,10,28.9257,15.4354,0
4v3u_6,1,27.2738,24.5359,0
4v3u_6,2,28.134,24.3992,0
4v3u_6,3,28.4128,24.7631,0
4v3u_6,4,26.0967,19.3627,0
4v3u_6,5,30.4862,27.528,0
4v3u_6,6,25.6478,21.9628,1
4v3u_6,7,29.5892,18.4528,0
4v3u_6,8,23.2186,23.3096,0
4v3u_6,9,27.3954,20.7354,0
4v3u_6,10,25.5178,24.3531,0
4v3u_0,1,42.8456,35.3452,0
4v3u_0,2,36.5426,27.2047,1
4v3u_0,3,37.5938,26.6542,2
4v3u_0,4,35.746,17.4562,1
4v3u_0,5,42.4374,36.7224,0
4v3u_0,6,36.4912,21.404,0
4v3u_0,7,32.8313,22.9305,1
4v3u_0,8,34.1528,17.9605,1
4v3u_0,9,29.8368,21.3693,1
4v3u_0,10,31.9728,31.1628,1
4v3u_4,1,44.8149,36.7791,0
4v3u_4,2,39.9607,26.8564,2
4v3u_4,3,39.4573,29.012,2
4v3u_4,4,39.5521,9.4083,0
4v3u_4,5,34.7655,29.8382,1
4v3u_4,6,33.604,0.7568,2
4v3u_4,7,29.301,20.4911,0
4v3u_4,8,42.8399,35.8342,1
4v3u_4,9,32.9308,14.6792,1
4v3u_4,10,34.9211,10.138,1
5adf_0,1,36.3469,22.7259,2
5adf_0,2,32.886,32.3621,2
5adf_0,3,35.4814,22.8273,2
5adf_0,4,31.8848,32.4884,1
5adf_0,5,50.8166,50.2018,0
5adf_0,6,49.5362,49.3447,0
5adf_0,7,35.3126,21.9291,1
5adf_0,8,32.5181,16.6316,1
5adf_0,9,37.5739,18.8369,1
5adf_0,10,27.8199,17.6011,1
4d1n_1,1,31.4702,32.404,0
4d1n_1,2,25.8407,24.8488,0
4d1n_1,3,25.2901,25.6177,0
4d1n_1,4,31.3793,35.5131,0
4d1n_1,5,19.1095,20.2561,0
4d1n_1,6,16.1861,18.7297,0
4d1n_1,7,15.2302,16.3324,0
4d1n_1,8,18.4477,19.298,1
4d1n_1,9,27.0902,21.6803,0
4d1n_1,10,19.8613,22.2766,0
4d1n_5,1,33.8341,24.0102,2
4d1n_5,2,33.7282,26.5703,2
4d1n_5,3,30.1686,27.2503,2
4d1n_5,4,29.0254,27.0882,2
4d1n_5,5,25.5865,21.1874,0
4d1n_5,6,24.633,16.2083,1
4d1n_5,7,29.0365,-0.6954,1
4d1n_5,8,18.2339,20.8883,0
4d1n_5,9,21.7361,17.1984,1
4d1n_5,10,15.6752,20.3419,1
4d1n_9,1,31.7653,32.0418,2
4d1n_9,2,32.7219,28.1361,2
4d1n_9,3,39.3784,30.6457,1
4d1n_9,4,28.814,30.4831,1
4d1n_9,5,29.266,32.2626,1
4d1n_9,6,29.1424,17.0204,2
4d1n_9,7,29.4569,41.0034,0
4d1n_9,8,22.8705,18.4104,1
4d1n_9,9,27.6751,21.1588,2
4d1n_9,10,19.3677,20.8242,1
4d1n_7,1,25.2207,26.3626,0
4d1n_7,2,28.9574,21.7152,0
4d1n_7,3,30.8237,26.2493,0
4d1n_7,4,24.9293,22.3173,0
4d1n_7,5,29.7269,24.8386,0
4d1n_7,6,25.0352,25.0079,1
4d1n_7,7,27.8831,19.0992,0
4d1n_7,8,30.1473,24.5147,0
4d1n_7,9,25.1425,23.5636,0
4d1n_7,10,26.3135,21.8051,0
4v3u_3,1,30.7334,22.8786,2
4v3u_3,2,30.3744,23.3154,2
4v3u_3,3,31.338,26.1775,1
4v3u_3,4,30.385,33.3416,1
4v3u_3,5,26.6949,28.2541,2
4v3u_3,6,27.575,28.2007,2
4v3u_3,7,25.5793,15.9465,1
4v3u_3,8,33.7945,33.0925,1
4v3u_3,9,23.4149,19.2799,1
4v3u_3,10,17.9285,23.975,1
4d1n_3,1,29.6935,31.892,1
4d1n_3,2,31.5695,34.4011,0
4d1n_3,3,28.244,25.7548,2
4d1n_3,4,32.6338,31.3061,0
4d1n_3,5,30.3103,30.9359,1
4d1n_3,6,34.8133,30.4019,1
4d1n_3,7,24.7623,31.3493,0
4d1n_3,8,34.1157,30.5042,2
4d1n_3,9,26.9869,27.7821,0
4d1n_3,10,24.4476,29.5999,0
4v3u_7,1,39.1892,15.1527,1
4v3u_7,2,40.3583,33.4463,0
4v3u_7,3,38.5171,29.6078,2
4v3u_7,4,37.9356,27.0668,2
4v3u_7,5,30.4024,12.668,2
4v3u_7,6,33.5345,4.2622,2
4v3u_7,7,38.0188,15.5457,1
4v3u_7,8,35.2933,21.3994,2
4v3u_7,9,29.9972,3.5998,1
4v3u_7,10,30.7352,24.4581,1
4v3u_1,1,26.8819,21.1221,1
4v3u_1,2,25.8483,24.7424,1
4v3u_1,3,30.0792,26.2574,0
4v3u_1,4,26.8952,22.6669,1
4v3u_1,5,24.4389,25.9664,0
4v3u_1,6,22.7226,15.23,1
4v3u_1,7,20.0643,14.8814,1
4v3u_1,8,22.8986,28.1982,0
4v3u_1,9,22.9071,24.5759,0
4v3u_1,10,20.4278,20.3968,0
4v3u_5,1,21.1445,12.9232,0
4v3u_5,2,23.9353,15.6018,2
4v3u_5,3,16.3919,23.8164,0
4v3u_5,4,22.8173,18.4303,0
4v3u_5,5,23.23,19.6237,0
4v3u_5,6,28.0321,23.244,0
4v3u_5,7,19.9592,23.3952,1
4v3u_5,8,18.6797,17.2108,2
4v3u_5,9,21.5041,15.7997,1
4v3u_5,10,21.5936,17.9239,1
